dt,x,y,position,velocity,acceleration,jerk,heading
0.010000,3.200000,4.932500,0.000030,0.005997,0.599698,59.969783,0.000000
0.010000,3.200022,4.932500,0.000052,0.002192,-0.380453,-98.015109,0.000000
0.010000,3.200292,4.932500,0.000322,0.026986,2.479396,285.984891,0.000000
0.010000,3.200772,4.932500,0.000802,0.047976,2.098942,-38.045326,0.000000
0.010000,3.201521,4.932500,0.001551,0.074962,2.698640,59.969783,0.000000
0.010000,3.202571,4.932500,0.002601,0.104947,2.998489,29.984891,0.000000
0.010000,3.203920,4.932500,0.003950,0.134932,2.998489,0.000000,0.000000
0.010000,3.205569,4.932500,0.005599,0.164917,2.998489,0.000000,0.000000
0.010000,3.207518,4.932500,0.007548,0.194902,2.998489,-0.000000,0.000000
0.010000,3.209767,4.932500,0.009797,0.224887,2.998489,0.000000,0.000000
0.010000,3.212316,4.932500,0.012346,0.254872,2.998489,-0.000000,0.000000
0.010000,3.215164,4.932500,0.015194,0.284856,2.998489,0.000000,0.000000
0.010000,3.218313,4.932500,0.018343,0.314841,2.998489,-0.000000,0.000000
0.010000,3.221761,4.932500,0.021791,0.344826,2.998489,0.000000,0.000000
0.010000,3.225509,4.932500,0.025539,0.374811,2.998489,0.000000,0.000000
0.010000,3.229557,4.932500,0.029587,0.404796,2.998489,-0.000000,0.000000
0.010000,3.233905,4.932500,0.033935,0.434781,2.998489,0.000000,0.000000
0.010000,3.238553,4.932500,0.038582,0.464766,2.998489,0.000000,0.000000
0.010000,3.243500,4.932500,0.043530,0.494751,2.998489,0.000000,0.000000
0.010000,3.248747,4.932500,0.048777,0.524736,2.998489,-0.000000,0.000000
0.010000,3.254295,4.932500,0.054325,0.554720,2.998489,0.000000,0.000000
0.010000,3.260142,4.932500,0.060172,0.584705,2.998489,-0.000000,0.000000
0.010000,3.266289,4.932500,0.066319,0.614690,2.998489,0.000000,0.000000
0.010000,3.272735,4.932500,0.072765,0.644675,2.998489,0.000000,0.000000
0.010000,3.279482,4.932500,0.079512,0.674660,2.998489,0.000000,0.000000
0.010000,3.286528,4.932500,0.086558,0.704645,2.998489,-0.000000,0.000000
0.010000,3.293875,4.932500,0.093905,0.734630,2.998489,0.000000,0.000000
0.010000,3.301521,4.932500,0.101551,0.764615,2.998489,0.000000,0.000000
0.010000,3.309467,4.932500,0.109497,0.794600,2.998489,-0.000000,0.000000
0.010000,3.317713,4.932500,0.117743,0.824585,2.998489,0.000000,0.000000
0.010000,3.326258,4.932500,0.126288,0.854569,2.998489,0.000000,0.000000
0.010000,3.335104,4.932500,0.135134,0.884554,2.998489,-0.000000,0.000000
0.010000,3.344249,4.932500,0.144279,0.914539,2.998489,0.000000,0.000000
0.010000,3.353694,4.932500,0.153724,0.944524,2.998489,-0.000000,0.000000
0.010000,3.363440,4.932500,0.163470,0.974509,2.998489,0.000000,0.000000
0.010000,3.373485,4.932500,0.173515,1.004494,2.998489,0.000000,0.000000
0.010000,3.383829,4.932500,0.183859,1.034479,2.998489,0.000000,0.000000
0.010000,3.394474,4.932500,0.194504,1.064464,2.998489,0.000000,0.000000
0.010000,3.405418,4.932500,0.205448,1.094449,2.998489,-0.000000,0.000000
0.010000,3.416663,4.932500,0.216693,1.124433,2.998489,0.000000,0.000000
0.010000,3.428207,4.932500,0.228237,1.154418,2.998489,-0.000000,0.000000
0.010000,3.440051,4.932500,0.240081,1.184403,2.998489,0.000000,0.000000
0.010000,3.452195,4.932500,0.252225,1.214388,2.998489,-0.000000,0.000000
0.010000,3.464639,4.932500,0.264669,1.244373,2.998489,0.000000,0.000000
0.010000,3.477382,4.932500,0.277412,1.274358,2.998489,0.000000,0.000000
0.010000,3.490426,4.932500,0.290456,1.304343,2.998489,-0.000000,0.000000
0.010000,3.503769,4.932500,0.303799,1.334328,2.998489,0.000000,0.000000
0.010000,3.517412,4.932500,0.317442,1.364313,2.998489,0.000000,0.000000
0.010000,3.531355,4.932500,0.331385,1.394297,2.998489,0.000000,0.000000
0.010000,3.545598,4.932500,0.345628,1.424282,2.998489,0.000000,0.000000
0.010000,3.560140,4.932500,0.360170,1.454267,2.998489,-0.000000,0.000000
0.010000,3.574983,4.932500,0.375013,1.484252,2.998489,0.000000,0.000000
0.010000,3.590125,4.932500,0.390155,1.514237,2.998489,0.000000,0.000000
0.010000,3.605568,4.932500,0.405598,1.544222,2.998489,-0.000000,0.000000
0.010000,3.621310,4.932500,0.421340,1.574207,2.998489,-0.000000,0.000000
0.010000,3.637352,4.932500,0.437382,1.604192,2.998489,0.000000,0.000000
0.010000,3.653693,4.932500,0.453723,1.634177,2.998489,0.000000,0.000000
0.010000,3.670335,4.932500,0.470365,1.664161,2.998489,-0.000000,0.000000
0.010000,3.687276,4.932500,0.487306,1.694146,2.998489,0.000000,0.000000
0.010000,3.704518,4.932500,0.504548,1.724131,2.998489,0.000000,0.000000
0.010000,3.722059,4.932500,0.522089,1.754116,2.998489,0.000000,0.000000
0.010000,3.739900,4.932500,0.539930,1.784101,2.998489,-0.000000,0.000000
0.010000,3.758041,4.932500,0.558071,1.814086,2.998489,0.000000,0.000000
0.010000,3.776481,4.932500,0.576511,1.844071,2.998489,-0.000000,0.000000
0.010000,3.795222,4.932500,0.595252,1.874056,2.998489,0.000000,0.000000
0.010000,3.814262,4.932500,0.614292,1.904041,2.998489,-0.000000,0.000000
0.010000,3.833603,4.932500,0.633633,1.934026,2.998489,0.000000,0.000000
0.010000,3.853243,4.932500,0.653273,1.964010,2.998489,0.000000,0.000000
0.010000,3.873183,4.932500,0.673213,1.993995,2.998489,-0.000000,0.000000
0.010000,3.893423,4.932500,0.693453,2.023980,2.998489,0.000000,0.000000
0.010000,3.913962,4.932500,0.713992,2.053965,2.998489,0.000000,0.000000
0.010000,3.934802,4.932500,0.734832,2.083950,2.998489,-0.000000,0.000000
0.010000,3.955941,4.932500,0.755971,2.113935,2.998489,0.000000,0.000000
0.010000,3.977380,4.932500,0.777410,2.143920,2.998489,0.000000,0.000000
0.010000,3.999119,4.932500,0.799149,2.173905,2.998489,-0.000000,0.000000
0.010000,4.021158,4.932500,0.821188,2.203890,2.998489,0.000000,0.000000
0.010000,4.043497,4.932500,0.843527,2.233874,2.998489,-0.000000,0.000000
0.010000,4.066136,4.932500,0.866166,2.263859,2.998489,0.000000,0.000000
0.010000,4.089074,4.932500,0.889104,2.293844,2.998489,0.000000,0.000000
0.010000,4.112312,4.932500,0.912342,2.323829,2.998489,-0.000000,0.000000
0.010000,4.135850,4.932500,0.935880,2.353814,2.998489,0.000000,0.000000
0.010000,4.159688,4.932500,0.959718,2.383799,2.998489,0.000000,0.000000
0.010000,4.183826,4.932500,0.983856,2.413784,2.998489,-0.000000,0.000000
0.010000,4.208264,4.932500,1.008294,2.443769,2.998489,0.000000,0.000000
0.010000,4.233001,4.932500,1.033031,2.473754,2.998489,-0.000000,0.000000
0.010000,4.258039,4.932500,1.058069,2.503738,2.998489,0.000000,0.000000
0.010000,4.283376,4.932500,1.083406,2.533723,2.998489,-0.000000,0.000000
0.010000,4.309013,4.932500,1.109043,2.563708,2.998489,0.000000,0.000000
0.010000,4.334950,4.932500,1.134980,2.593693,2.998489,-0.000000,0.000000
0.010000,4.361187,4.932500,1.161217,2.623678,2.998489,0.000000,0.000000
0.010000,4.387723,4.932500,1.187753,2.653663,2.998489,0.000000,0.000000
0.010000,4.414560,4.932500,1.214590,2.683648,2.998489,0.000000,0.000000
0.010000,4.441696,4.932500,1.241726,2.713633,2.998489,0.000000,0.000000
0.010000,4.469132,4.932500,1.269162,2.743618,2.998489,0.000000,0.000000
0.010000,4.496868,4.932500,1.296898,2.773602,2.998489,0.000000,0.000000
0.010000,4.524904,4.932500,1.324934,2.803587,2.998489,0.000000,0.000000
0.010000,4.553240,4.932500,1.353270,2.833572,2.998489,-0.000000,0.000000
0.010000,4.581876,4.932500,1.381906,2.863557,2.998489,0.000000,0.000000
0.010000,4.610811,4.932500,1.410841,2.893542,2.998489,-0.000000,0.000000
0.010000,4.640046,4.932500,1.440076,2.923527,2.998489,0.000000,0.000000
0.010000,4.669581,4.932500,1.469611,2.953512,2.998489,0.000000,0.000000
0.010000,4.699416,4.932500,1.499446,2.983497,2.998489,-0.000000,0.000000
0.010000,4.729551,4.932500,1.529581,3.013482,2.998489,0.000000,0.000000
0.010000,4.759986,4.932500,1.560016,3.043466,2.998489,0.000000,0.000000
0.010000,4.790720,4.932500,1.590750,3.073451,2.998489,0.000000,0.000000
0.010000,4.821755,4.932500,1.621785,3.103436,2.998489,-0.000000,0.000000
0.010000,4.853089,4.932500,1.653119,3.133421,2.998489,0.000000,0.000000
0.010000,4.884723,4.932500,1.684753,3.163406,2.998489,0.000000,0.000000
0.010000,4.916657,4.932500,1.716687,3.193391,2.998489,0.000000,0.000000
0.010000,4.948891,4.932500,1.748921,3.223376,2.998489,0.000000,0.000000
0.010000,4.981424,4.932500,1.781454,3.253361,2.998489,-0.000000,0.000000
0.010000,5.014258,4.932500,1.814288,3.283346,2.998489,0.000000,0.000000
0.010000,5.047391,4.932500,1.847421,3.313331,2.998489,0.000000,0.000000
0.010000,5.080824,4.932500,1.880854,3.343315,2.998489,-0.000000,0.000000
0.010000,5.114557,4.932500,1.914587,3.373300,2.998489,0.000000,0.000000
0.010000,5.148590,4.932500,1.948620,3.403285,2.998489,-0.000000,0.000000
0.010000,5.182923,4.932500,1.982953,3.433270,2.998489,0.000000,0.000000
0.010000,5.217555,4.932500,2.017585,3.463255,2.998489,-0.000000,0.000000
0.010000,5.252488,4.932500,2.052518,3.493240,2.998489,0.000000,0.000000
0.010000,5.287720,4.932500,2.087750,3.523225,2.998489,0.000000,0.000000
0.010000,5.323252,4.932500,2.123282,3.553210,2.998489,-0.000000,0.000000
0.010000,5.359084,4.932500,2.159114,3.583195,2.998489,0.000000,0.000000
0.010000,5.395216,4.932500,2.195246,3.613179,2.998489,0.000000,0.000000
0.010000,5.431647,4.932500,2.231677,3.643164,2.998489,0.000000,0.000000
0.010000,5.468379,4.932500,2.268409,3.673149,2.998489,-0.000000,0.000000
0.010000,5.505410,4.932500,2.305440,3.703134,2.998489,0.000000,0.000000
0.010000,5.542741,4.932500,2.342771,3.733119,2.998489,0.000000,0.000000
0.010000,5.580373,4.932500,2.380403,3.763104,2.998489,0.000000,0.000000
0.010000,5.618303,4.932500,2.418333,3.793089,2.998489,-0.000000,0.000000
0.010000,5.656534,4.932500,2.456564,3.823074,2.998489,0.000000,0.000000
0.010000,5.695065,4.932500,2.495095,3.853059,2.998489,-0.000000,0.000000
0.010000,5.733895,4.932500,2.533925,3.883043,2.998489,0.000000,0.000000
0.010000,5.773025,4.932500,2.573055,3.913028,2.998489,-0.000000,0.000000
0.010000,5.812456,4.932500,2.612486,3.943013,2.998489,0.000000,0.000000
0.010000,5.852186,4.932500,2.652216,3.972998,2.998489,-0.000000,0.000000
0.010000,5.892215,4.932500,2.692245,4.002983,2.998489,0.000000,0.000000
0.010000,5.932545,4.932500,2.732575,4.032968,2.998489,0.000000,0.000000
0.010000,5.973175,4.932500,2.773205,4.062953,2.998489,-0.000000,0.000000
0.010000,6.014104,4.932500,2.814134,4.092938,2.998489,0.000000,0.000000
0.010000,6.055333,4.932500,2.855363,4.122923,2.998489,-0.000000,0.000000
0.010000,6.096862,4.932500,2.896892,4.152907,2.998489,0.000000,0.000000
0.010000,6.138691,4.932500,2.938721,4.182892,2.998489,-0.000000,0.000000
0.010000,6.180820,4.932500,2.980850,4.212877,2.998489,0.000000,0.000000
0.010000,6.223249,4.932500,3.023279,4.242862,2.998489,-0.000000,0.000000
0.010000,6.265977,4.932500,3.066007,4.272847,2.998489,0.000000,0.000000
0.010000,6.309005,4.932500,3.109035,4.302832,2.998489,-0.000000,0.000000
0.010000,6.352334,4.932500,3.152364,4.332817,2.998489,0.000000,0.000000
0.010000,6.395962,4.932500,3.195992,4.362802,2.998489,-0.000000,0.000000
0.010000,6.439889,4.932500,3.239919,4.392787,2.998489,0.000000,0.000000
0.010000,6.484117,4.932500,3.284147,4.422771,2.998489,-0.000000,0.000000
0.010000,6.528645,4.932500,3.328675,4.452756,2.998489,0.000000,0.000000
0.010000,6.573472,4.932500,3.373502,4.482741,2.998489,-0.000000,0.000000
0.010000,6.618599,4.932500,3.418629,4.512726,2.998489,0.000000,0.000000
0.010000,6.664027,4.932500,3.464056,4.542711,2.998489,-0.000000,0.000000
0.010000,6.709753,4.932500,3.509783,4.572696,2.998489,0.000000,0.000000
0.010000,6.755780,4.932500,3.555810,4.602681,2.998489,0.000000,0.000000
0.010000,6.802107,4.932500,3.602137,4.632666,2.998489,-0.000000,0.000000
0.010000,6.848733,4.932500,3.648763,4.662651,2.998489,0.000000,0.000000
0.010000,6.895660,4.932500,3.695690,4.692636,2.998489,-0.000000,0.000000
0.010000,6.942886,4.932500,3.742916,4.722620,2.998489,0.000000,0.000000
0.010000,6.990412,4.932500,3.790442,4.752605,2.998489,-0.000000,0.000000
0.010000,7.038238,4.932500,3.838268,4.782590,2.998489,0.000000,0.000000
0.010000,7.086364,4.932500,3.886394,4.812575,2.998489,-0.000000,0.000000
0.010000,7.134789,4.932500,3.934819,4.842560,2.998489,0.000000,0.000000
0.010000,7.183515,4.932500,3.983545,4.872545,2.998489,-0.000000,0.000000
0.010000,7.232540,4.932500,4.032570,4.902530,2.998489,0.000000,0.000000
0.010000,7.281865,4.932500,4.081895,4.932515,2.998489,0.000000,0.000000
0.010000,7.331490,4.932500,4.131520,4.962500,2.998489,-0.000000,0.000000
0.010000,7.381415,4.932500,4.181445,4.992484,2.998489,0.000000,0.000000
0.010000,7.431640,4.932500,4.231670,5.022469,2.998489,0.000000,0.000000
0.010000,7.482164,4.932500,4.282194,5.052454,2.998489,0.000000,0.000000
0.010000,7.532989,4.932500,4.333019,5.082439,2.998489,0.000000,0.000000
0.010000,7.584113,4.932500,4.384143,5.112424,2.998489,-0.000000,0.000000
0.010000,7.635537,4.932500,4.435567,5.142409,2.998489,0.000000,0.000000
0.010000,7.687261,4.932500,4.487291,5.172394,2.998489,0.000000,0.000000
0.010000,7.739285,4.932500,4.539315,5.202379,2.998489,0.000000,0.000000
0.010000,7.791608,4.932500,4.591638,5.232364,2.998489,-0.000000,0.000000
0.010000,7.844232,4.932500,4.644262,5.262348,2.998489,-0.000000,0.000000
0.010000,7.897155,4.932500,4.697185,5.292333,2.998489,0.000000,0.000000
0.010000,7.950378,4.932500,4.750408,5.322318,2.998489,-0.000000,0.000000
0.010000,8.003901,4.932500,4.803931,5.352303,2.998489,0.000000,0.000000
0.010000,8.057724,4.932500,4.857754,5.382288,2.998489,0.000000,0.000000
0.010000,8.111847,4.932500,4.911877,5.412273,2.998489,-0.000000,0.000000
0.010000,8.166270,4.932500,4.966300,5.442258,2.998489,0.000000,0.000000
0.010000,8.220992,4.932500,5.021022,5.472243,2.998489,-0.000000,0.000000
0.010000,8.276014,4.932500,5.076044,5.502228,2.998489,0.000000,0.000000
0.010000,8.331336,4.932500,5.131366,5.532212,2.998489,-0.000000,0.000000
0.010000,8.386958,4.932500,5.186988,5.562197,2.998489,0.000000,0.000000
0.010000,8.442880,4.932500,5.242910,5.592182,2.998489,-0.000000,0.000000
0.010000,8.499102,4.932500,5.299132,5.622167,2.998489,0.000000,0.000000
0.010000,8.555623,4.932500,5.355653,5.652152,2.998489,-0.000000,0.000000
0.010000,8.612445,4.932500,5.412475,5.682137,2.998489,0.000000,0.000000
0.010000,8.669566,4.932500,5.469596,5.712122,2.998489,0.000000,0.000000
0.010000,8.726987,4.932500,5.527017,5.742107,2.998489,-0.000000,0.000000
0.010000,8.784708,4.932500,5.584738,5.772092,2.998489,0.000000,0.000000
0.010000,8.842729,4.932500,5.642759,5.802077,2.998489,0.000000,0.000000
0.010000,8.901049,4.932500,5.701079,5.832061,2.998489,-0.000000,0.000000
0.010000,8.959670,4.932500,5.759700,5.862046,2.998489,0.000000,0.000000
0.010000,9.018590,4.932500,5.818620,5.892031,2.998489,0.000000,0.000000
0.010000,9.077810,4.932500,5.877840,5.922016,2.998489,0.000000,0.000000
0.010000,9.137330,4.932500,5.937360,5.952001,2.998489,-0.000000,0.000000
0.010000,9.197150,4.932500,5.997180,5.981986,2.998489,0.000000,0.000000
0.010000,9.257270,4.932500,6.057300,6.011971,2.998489,-0.000000,0.000000
0.010000,9.317689,4.932500,6.117719,6.041956,2.998489,-0.000000,0.000000
0.010000,9.378409,4.932500,6.178439,6.071941,2.998489,0.000000,0.000000
0.010000,9.439428,4.932500,6.239458,6.101925,2.998489,0.000000,0.000000
0.010000,9.500747,4.932500,6.300777,6.131910,2.998489,-0.000000,0.000000
0.010000,9.562366,4.932500,6.362396,6.161895,2.998489,0.000000,0.000000
0.010000,9.624285,4.932500,6.424315,6.191880,2.998489,0.000000,0.000000
0.010000,9.686504,4.932500,6.486534,6.221865,2.998489,0.000000,0.000000
0.010000,9.749022,4.932500,6.549052,6.251850,2.998489,-0.000000,0.000000
0.010000,9.811840,4.932500,6.611870,6.281835,2.998489,0.000000,0.000000
0.010000,9.874959,4.932500,6.674989,6.311820,2.998489,-0.000000,0.000000
0.010000,9.938377,4.932500,6.738407,6.341805,2.998489,0.000000,0.000000
0.010000,10.002095,4.932500,6.802125,6.371789,2.998489,-0.000000,0.000000
0.010000,10.066112,4.932500,6.866142,6.401774,2.998489,0.000000,0.000000
0.010000,10.130430,4.932500,6.930460,6.431759,2.998489,-0.000000,0.000000
0.010000,10.195047,4.932500,6.995077,6.461744,2.998489,0.000000,0.000000
0.010000,10.259965,4.932500,7.059995,6.491729,2.998489,0.000000,0.000000
0.010000,10.325182,4.932500,7.125212,6.521714,2.998489,-0.000000,0.000000
0.010000,10.390699,4.932500,7.190729,6.551699,2.998489,0.000000,0.000000
0.010000,10.456516,4.932500,7.256546,6.581684,2.998489,0.000000,0.000000
0.010000,10.522632,4.932500,7.322662,6.611669,2.998489,0.000000,0.000000
0.010000,10.589049,4.932500,7.389079,6.641653,2.998489,0.000000,0.000000
0.010000,10.655765,4.932500,7.455795,6.671638,2.998489,-0.000000,0.000000
0.010000,10.722781,4.932500,7.522811,6.701623,2.998489,0.000000,0.000000
0.010000,10.790098,4.932500,7.590127,6.731608,2.998489,-0.000000,0.000000
0.010000,10.857713,4.932500,7.657743,6.761593,2.998489,0.000000,0.000000
0.010000,10.925629,4.932500,7.725659,6.791578,2.998489,0.000000,0.000000
0.010000,10.993845,4.932500,7.793875,6.821563,2.998489,-0.000000,0.000000
0.010000,11.062360,4.932500,7.862390,6.851548,2.998489,0.000000,0.000000
0.010000,11.131176,4.932500,7.931206,6.881533,2.998489,0.000000,0.000000
0.010000,11.200291,4.932500,8.000321,6.911517,2.998489,-0.000000,0.000000
0.010000,11.269706,4.932500,8.069736,6.941502,2.998489,0.000000,0.000000
0.010000,11.339421,4.932500,8.139451,6.971487,2.998489,0.000000,0.000000
0.010000,11.409435,4.932500,8.209465,7.001472,2.998489,0.000000,0.000000
0.010000,11.479750,4.932500,8.279780,7.031457,2.998489,-0.000000,0.000000
0.010000,11.550364,4.932500,8.350394,7.061442,2.998489,0.000000,0.000000
0.010000,11.621279,4.932500,8.421309,7.091427,2.998489,-0.000000,0.000000
0.010000,11.692493,4.932500,8.492523,7.121412,2.998489,0.000000,0.000000
0.010000,11.764007,4.932500,8.564037,7.151397,2.998489,-0.000000,0.000000
0.010000,11.835821,4.932500,8.635851,7.181382,2.998489,-0.000000,0.000000
0.010000,11.907934,4.932500,8.707964,7.211366,2.998489,0.000000,0.000000
0.010000,11.980348,4.932500,8.780378,7.241351,2.998489,-0.000000,0.000000
0.010000,12.053061,4.932500,8.853091,7.271336,2.998489,0.000000,0.000000
0.010000,12.126074,4.932500,8.926104,7.301321,2.998489,0.000000,0.000000
0.010000,12.199387,4.932500,8.999417,7.331306,2.998489,0.000000,0.000000
0.010000,12.273000,4.932500,9.073030,7.361291,2.998489,0.000000,0.000000
0.010000,12.346913,4.932500,9.146943,7.391276,2.998489,-0.000000,0.000000
0.010000,12.421126,4.932500,9.221156,7.421261,2.998489,0.000000,0.000000
0.010000,12.495638,4.932500,9.295668,7.451246,2.998489,0.000000,0.000000
0.010000,12.570450,4.932500,9.370480,7.481230,2.998489,0.000000,0.000000
0.010000,12.645563,4.932500,9.445593,7.511215,2.998489,0.000000,0.000000
0.010000,12.720975,4.932500,9.521005,7.541200,2.998489,-0.000000,0.000000
0.010000,12.796686,4.932500,9.596716,7.571185,2.998489,0.000000,0.000000
0.010000,12.872698,4.932500,9.672728,7.601170,2.998489,-0.000000,0.000000
0.010000,12.949010,4.932500,9.749040,7.631155,2.998489,0.000000,0.000000
0.010000,13.025621,4.932500,9.825651,7.661140,2.998489,-0.000000,0.000000
0.010000,13.102532,4.932500,9.902562,7.691125,2.998489,0.000000,0.000000
0.010000,13.179743,4.932500,9.979773,7.721110,2.998489,0.000000,0.000000
0.010000,13.257254,4.932500,10.057284,7.751094,2.998489,-0.000000,0.000000
0.010000,13.335065,4.932500,10.135095,7.781079,2.998489,0.000000,0.000000
0.010000,13.413176,4.932500,10.213206,7.811064,2.998489,0.000000,0.000000
0.010000,13.491586,4.932500,10.291616,7.841049,2.998489,0.000000,0.000000
0.010000,13.570297,4.932500,10.370327,7.871034,2.998489,0.000000,0.000000
0.010000,13.649307,4.932500,10.449337,7.901019,2.998489,0.000000,0.000000
0.010000,13.728617,4.932500,10.528647,7.931004,2.998489,-0.000000,0.000000
0.010000,13.808197,4.932500,10.608227,7.957990,2.698640,-29.984891,0.000000
0.010000,13.887987,4.932500,10.688017,7.978980,2.098942,-59.969783,0.000000
0.010000,13.967926,4.932500,10.767956,7.993972,1.499245,-59.969783,0.000000
0.010000,14.047956,4.932500,10.847986,8.002968,0.899547,-59.969783,0.000000
0.010000,14.128012,4.932500,10.928042,8.005563,0.259530,-64.001721,0.000000
0.010000,14.208029,4.932500,11.008059,8.001758,-0.380488,-64.001721,0.000000
0.010000,14.287949,4.932500,11.087979,7.991956,-0.980186,-59.969783,0.000000
0.010000,14.367710,4.932500,11.167740,7.976157,-1.579883,-59.969783,0.000000
0.010000,14.447254,4.932500,11.247284,7.954361,-2.179581,-59.969783,0.000000
0.010000,14.526524,4.932500,11.326554,7.926972,-2.738960,-55.937845,0.000000
0.010000,14.605494,4.932500,11.405524,7.896987,-2.998489,-25.952953,0.000000
0.010000,14.684164,4.932500,11.484194,7.867002,-2.998489,-0.000000,0.000000
0.010000,14.762534,4.932500,11.562564,7.837017,-2.998489,0.000000,0.000000
0.010000,14.840604,4.932500,11.640634,7.807032,-2.998489,0.000000,0.000000
0.010000,14.918375,4.932500,11.718404,7.777047,-2.998489,0.000000,0.000000
0.010000,14.995845,4.932500,11.795875,7.747063,-2.998489,0.000000,0.000000
0.010000,15.073016,4.932500,11.873046,7.717078,-2.998489,-0.000000,0.000000
0.010000,15.149887,4.932500,11.949917,7.687093,-2.998489,0.000000,0.000000
0.010000,15.226458,4.932500,12.026488,7.657108,-2.998489,-0.000000,0.000000
0.010000,15.302729,4.932500,12.102759,7.627123,-2.998489,0.000000,0.000000
0.010000,15.378701,4.932500,12.178731,7.597138,-2.998489,0.000000,0.000000
0.010000,15.454372,4.932500,12.254402,7.567153,-2.998489,0.000000,0.000000
0.010000,15.529744,4.932500,12.329774,7.537168,-2.998489,-0.000000,0.000000
0.010000,15.604816,4.932500,12.404846,7.507183,-2.998489,0.000000,0.000000
0.010000,15.679588,4.932500,12.479618,7.477198,-2.998489,-0.000000,0.000000
0.010000,15.754060,4.932500,12.554090,7.447214,-2.998489,0.000000,0.000000
0.010000,15.828232,4.932500,12.628262,7.417229,-2.998489,-0.000000,0.000000
0.010000,15.902104,4.932500,12.702134,7.387244,-2.998489,0.000000,0.000000
0.010000,15.975677,4.932500,12.775707,7.357259,-2.998489,-0.000000,0.000000
0.010000,16.052161,4.932419,12.852191,7.648416,29.115717,3211.420636,6.280080
0.010000,16.129879,4.932002,12.929910,7.771915,12.349920,-1676.579682,6.275613
0.010000,16.207061,4.931253,13.007095,7.718514,-5.340126,-1769.004619,6.271366
0.010000,16.283709,4.930191,13.083751,7.665530,-5.298359,4.176716,6.267336
0.010000,16.359826,4.928838,13.159880,7.612957,-5.257311,4.104732,6.263518
0.010000,16.435417,4.927214,13.235488,7.560787,-5.217039,4.027256,6.259909
0.010000,16.510483,4.925337,13.310578,7.509011,-5.177586,3.945233,6.256505
0.010000,16.585030,4.923227,13.385155,7.457621,-5.138991,3.859520,6.253303
0.010000,16.659059,4.920902,13.459221,7.406608,-5.101282,3.770892,6.250299
0.010000,16.732576,4.918379,13.532780,7.355964,-5.064482,3.680047,6.247489
0.010000,16.805582,4.915675,13.605837,7.305677,-5.028606,3.587612,6.244870
0.010000,16.878083,4.912806,13.678394,7.255741,-4.993664,3.494149,6.242439
0.010000,16.950081,4.909789,13.750456,7.206144,-4.959663,3.400132,6.240192
0.010000,17.021581,4.906638,13.822025,7.156878,-4.926602,3.306097,6.238127
0.010000,17.092585,4.903369,13.893104,7.107933,-4.894479,3.212321,6.236241
0.010000,17.163097,4.899995,13.963697,7.059301,-4.863286,3.119258,6.234530
0.010000,17.233121,4.896530,14.033807,7.010970,-4.833015,3.027160,6.232991
0.010000,17.302660,4.892988,14.103436,6.962934,-4.803651,2.936342,6.231623
0.010000,17.371718,4.889382,14.172588,6.915182,-4.775181,2.847017,6.230421
0.010000,17.440297,4.885723,14.241265,6.867706,-4.747587,2.759397,6.229385
0.010000,17.508402,4.882025,14.309470,6.820498,-4.720850,2.673705,6.228510
0.010000,17.576035,4.878298,14.377205,6.773548,-4.694949,2.590052,6.227795
0.010000,17.643199,4.874555,14.444474,6.726850,-4.669863,2.508598,6.227238
0.010000,17.709898,4.870805,14.511278,6.680394,-4.645569,2.429478,6.226835
0.010000,17.776134,4.867059,14.577620,6.634173,-4.622041,2.352764,6.226585
0.010000,17.841910,4.863328,14.643501,6.588181,-4.599255,2.278566,6.226486
0.010000,17.907229,4.859622,14.708925,6.542409,-4.577186,2.206950,6.226536
0.010000,17.972093,4.855949,14.773894,6.496851,-4.555806,2.137977,6.226732
0.010000,18.036506,4.852319,14.838409,6.451500,-4.535089,2.071705,6.227073
0.010000,18.100470,4.848740,14.902472,6.406350,-4.515007,2.008165,6.227556
0.010000,18.163986,4.845223,14.966086,6.361395,-4.495533,1.947404,6.228180
0.010000,18.227058,4.841773,15.029253,6.316628,-4.476639,1.889439,6.228944
0.010000,18.289688,4.838400,15.091973,6.272045,-4.458296,1.834303,6.229845
0.010000,18.351878,4.835111,15.154250,6.227641,-4.440476,1.782003,6.230881
0.010000,18.413629,4.831914,15.216084,6.183409,-4.423150,1.732549,6.232052
0.010000,18.474944,4.828815,15.277477,6.139346,-4.406291,1.685956,6.233355
0.010000,18.535825,4.825822,15.338432,6.095448,-4.389868,1.642240,6.234789
0.010000,18.596274,4.822941,15.398949,6.051709,-4.373855,1.601349,6.236352
0.010000,18.656291,4.820178,15.459030,6.008127,-4.358221,1.563355,6.238044
0.010000,18.715880,4.817540,15.518677,5.964697,-4.342939,1.528209,6.239862
0.010000,18.775041,4.815032,15.577891,5.921418,-4.327980,1.495900,6.241805
0.010000,18.833776,4.812661,15.636674,5.878284,-4.313316,1.466437,6.243872
0.010000,18.892086,4.810430,15.695027,5.835295,-4.298918,1.439810,6.246061
0.010000,18.949973,4.808347,15.752951,5.792448,-4.284758,1.415996,6.248372
0.010000,19.007438,4.806415,15.810449,5.749740,-4.270808,1.394984,6.250802
0.010000,19.064482,4.804639,15.867520,5.707169,-4.257040,1.376758,6.253350
0.010000,19.121107,4.803024,15.924168,5.664735,-4.243427,1.361300,6.256016
0.010000,19.177312,4.801574,15.980392,5.622435,-4.229942,1.348588,6.258798
0.010000,19.233100,4.800293,16.036195,5.580270,-4.216556,1.338600,6.261694
0.010000,19.288471,4.799186,16.091577,5.538237,-4.203242,1.331311,6.264703
0.010000,19.343427,4.798255,16.146541,5.496338,-4.189976,1.326692,6.267825
0.010000,19.397968,4.797505,16.201086,5.454570,-4.176728,1.324714,6.271058
0.010000,19.452094,4.796938,16.255216,5.412936,-4.163475,1.325343,6.274400
0.010000,19.505807,4.796559,16.308930,5.371434,-4.150190,1.328544,6.277851
0.010000,19.559107,4.796369,16.362231,5.330065,-4.136847,1.334280,6.281409
0.010000,19.611996,4.796371,16.415119,5.288831,-4.123422,1.342520,0.001887
0.010000,19.664473,4.796568,16.467596,5.247732,-4.109890,1.353140,0.005656
0.010000,19.716539,4.796963,16.519664,5.206770,-4.096228,1.366229,0.009527
0.010000,19.768195,4.797557,16.571323,5.165946,-4.082412,1.381617,0.013501
0.010000,19.819441,4.798353,16.622576,5.125262,-4.068419,1.399256,0.017575
0.010000,19.870279,4.799352,16.673423,5.084719,-4.054227,1.419169,0.021749
0.010000,19.920707,4.800556,16.723866,5.044321,-4.039816,1.441149,0.026021
0.010000,19.970728,4.801967,16.773907,5.004070,-4.025163,1.465249,0.030389
0.010000,20.020341,4.803585,16.823547,4.963967,-4.010250,1.491325,0.034853
0.010000,20.069548,4.805413,16.872787,4.924016,-3.995058,1.519256,0.039410
0.010000,20.118347,4.807450,16.921629,4.884221,-3.979567,1.549071,0.044060
0.010000,20.166741,4.809698,16.970075,4.844583,-3.963762,1.580527,0.048800
0.010000,20.214729,4.812157,17.018126,4.805107,-3.947626,1.613609,0.053630
0.010000,20.262312,4.814828,17.065784,4.765796,-3.931143,1.648237,0.058548
0.010000,20.309491,4.817712,17.113051,4.726652,-3.914302,1.684144,0.063552
0.010000,20.356265,4.820807,17.159927,4.687682,-3.897088,1.721415,0.068640
0.010000,20.402636,4.824115,17.206416,4.648887,-3.879490,1.759739,0.073811
0.010000,20.448604,4.827635,17.252519,4.610272,-3.861499,1.799124,0.079064
0.010000,20.494170,4.831367,17.298237,4.571841,-3.843106,1.839302,0.084396
0.010000,20.539334,4.835311,17.343573,4.533598,-3.824303,1.880254,0.089806
0.010000,20.584097,4.839465,17.388529,4.495547,-3.805086,1.921744,0.095291
0.010000,20.628460,4.843829,17.433106,4.457692,-3.785450,1.963645,0.100851
0.010000,20.672423,4.848403,17.477306,4.420038,-3.765392,2.005797,0.106483
0.010000,20.715988,4.853184,17.521132,4.382589,-3.744911,2.048041,0.112185
0.010000,20.759154,4.858173,17.564586,4.345349,-3.724009,2.090240,0.117956
0.010000,20.801923,4.863368,17.607669,4.308322,-3.702687,2.132132,0.123793
0.010000,20.844295,4.868767,17.650384,4.271513,-3.680951,2.173663,0.129693
0.010000,20.886272,4.874368,17.692733,4.234925,-3.658805,2.214587,0.135657
0.010000,20.927855,4.880171,17.734719,4.198562,-3.636257,2.254754,0.141680
0.010000,20.969044,4.886174,17.776343,4.162429,-3.613318,2.293976,0.147761
0.010000,21.009841,4.892374,17.817608,4.126529,-3.589997,2.332103,0.153897
0.010000,21.050247,4.898770,17.858517,4.090866,-3.566307,2.368956,0.160088
0.010000,21.090262,4.905359,17.899071,4.055443,-3.542264,2.404341,0.166329
0.010000,21.129889,4.912139,17.939274,4.020264,-3.517882,2.438134,0.172619
0.010000,21.169128,4.919109,17.979127,3.985333,-3.493181,2.470147,0.178956
0.010000,21.207981,4.926265,18.018634,3.950651,-3.468179,2.500220,0.185337
0.010000,21.246449,4.933604,18.057796,3.916222,-3.442896,2.528220,0.191760
0.010000,21.284534,4.941126,18.096617,3.882048,-3.417357,2.553989,0.198222
0.010000,21.322237,4.948826,18.135098,3.848133,-3.391583,2.577394,0.204721
0.010000,21.359560,4.956702,18.173243,3.814477,-3.365600,2.598310,0.211255
0.010000,21.396504,4.964752,18.211053,3.781082,-3.339433,2.616608,0.217821
0.010000,21.433071,4.972972,18.248533,3.747951,-3.313112,2.632188,0.224416
0.010000,21.469263,4.981359,18.285684,3.715084,-3.286662,2.644947,0.231039
0.010000,21.505081,4.989910,18.322509,3.682483,-3.260114,2.654796,0.237686
0.010000,21.540528,4.998623,18.359010,3.650148,-3.233498,2.661653,0.244355
0.010000,21.575604,5.007493,18.395191,3.618080,-3.206843,2.665462,0.251044
0.010000,21.610313,5.016518,18.431054,3.586278,-3.180181,2.666188,0.257750
0.010000,21.644655,5.025695,18.466601,3.554743,-3.153544,2.663724,0.264471
0.010000,21.678634,5.035019,18.501836,3.523473,-3.126963,2.658128,0.271203
0.010000,21.712250,5.044488,18.536761,3.492468,-3.100469,2.649362,0.277946
0.010000,21.745507,5.054099,18.571378,3.461727,-3.074095,2.637356,0.284695
0.010000,21.778406,5.063847,18.605690,3.431249,-3.047873,2.622244,0.291449
0.010000,21.810948,5.073729,18.639701,3.401030,-3.021833,2.603950,0.298205
0.010000,21.843138,5.083742,18.673411,3.371070,-2.996008,2.582528,0.304961
0.010000,21.874976,5.093882,18.706825,3.341366,-2.970427,2.558150,0.311715
0.010000,21.906464,5.104146,18.739944,3.311915,-2.945120,2.530638,0.318463
0.010000,21.937606,5.114529,18.772771,3.282714,-2.920117,2.500329,0.325204
0.010000,21.968403,5.125029,18.805309,3.253759,-2.895446,2.467129,0.331936
0.010000,21.998858,5.135640,18.837559,3.225048,-2.871134,2.431190,0.338655
0.010000,22.028972,5.146361,18.869525,3.196576,-2.847207,2.392683,0.345360
0.010000,22.058749,5.157186,18.901209,3.168339,-2.823691,2.351560,0.352049
0.010000,22.088190,5.168113,18.932612,3.140333,-2.800610,2.308133,0.358719
0.010000,22.117298,5.179137,18.963737,3.112553,-2.777986,2.262355,0.365368
0.010000,22.146075,5.190255,18.994587,3.084994,-2.755841,2.214570,0.371994
0.010000,22.174523,5.201463,19.025164,3.057653,-2.734194,2.164682,0.378596
0.010000,22.202645,5.212756,19.055469,3.030522,-2.713064,2.113004,0.385170
0.010000,22.230444,5.224132,19.085505,3.003597,-2.692468,2.059636,0.391716
0.010000,22.257920,5.235587,19.115274,2.976873,-2.672420,2.004731,0.398232
0.010000,22.285078,5.247116,19.144777,2.950344,-2.652936,1.948446,0.404714
0.010000,22.311918,5.258716,19.174017,2.924003,-2.634026,1.890936,0.411163
0.010000,22.338445,5.270383,19.202996,2.897846,-2.615703,1.832358,0.417575
0.010000,22.364658,5.282113,19.231714,2.871867,-2.597974,1.772869,0.423950
0.010000,22.390562,5.293903,19.260175,2.846058,-2.580848,1.712623,0.430285
0.010000,22.416158,5.305748,19.288379,2.820415,-2.564330,1.651775,0.436579
0.010000,22.441449,5.317646,19.316328,2.794931,-2.548426,1.590417,0.442832
0.010000,22.466436,5.329591,19.344024,2.769599,-2.533137,1.528899,0.449040
0.010000,22.491123,5.341581,19.371469,2.744415,-2.518466,1.467113,0.455203
0.010000,22.515511,5.353611,19.398662,2.719370,-2.504413,1.405293,0.461320
0.010000,22.539603,5.365678,19.425607,2.694461,-2.490978,1.343542,0.467389
0.010000,22.563400,5.377778,19.452304,2.669679,-2.478155,1.282271,0.473408
0.010000,22.586905,5.389907,19.478754,2.645020,-2.465944,1.221049,0.479378
0.010000,22.610120,5.402062,19.504959,2.620476,-2.454340,1.160463,0.485297
0.010000,22.633047,5.414239,19.530919,2.596043,-2.443334,1.100547,0.491163
0.010000,22.655689,5.426435,19.556636,2.571714,-2.432924,1.041057,0.496976
0.010000,22.678047,5.438645,19.582111,2.547483,-2.423097,0.982718,0.502735
0.010000,22.700123,5.450866,19.607344,2.523344,-2.413847,0.924955,0.508439
0.010000,22.721920,5.463095,19.632337,2.499293,-2.405164,0.868251,0.514087
0.010000,22.743440,5.475327,19.657091,2.475322,-2.397037,0.812743,0.519679
0.010000,22.764684,5.487560,19.681605,2.451428,-2.389456,0.758133,0.525213
0.010000,22.785655,5.499789,19.705881,2.427604,-2.382408,0.704798,0.530689
0.010000,22.806354,5.512012,19.729919,2.403845,-2.375881,0.652703,0.536107
0.010000,22.826783,5.524224,19.753721,2.380146,-2.369862,0.601901,0.541465
0.010000,22.846945,5.536423,19.777286,2.356503,-2.364337,0.552438,0.546764
0.010000,22.866841,5.548604,19.800615,2.332910,-2.359296,0.504163,0.552002
0.010000,22.886474,5.560765,19.823709,2.309363,-2.354718,0.457756,0.557180
0.010000,22.905844,5.572902,19.846567,2.285857,-2.350597,0.412108,0.562297
0.010000,22.924954,5.585012,19.869191,2.262388,-2.346911,0.368586,0.567353
0.010000,22.943805,5.597092,19.891581,2.238951,-2.343650,0.326101,0.572347
0.010000,22.962400,5.609137,19.913736,2.215543,-2.340798,0.285170,0.577279
0.010000,22.980740,5.621145,19.935658,2.192160,-2.338340,0.245849,0.582149
0.010000,22.998827,5.633113,19.957346,2.168797,-2.336261,0.207930,0.586957
0.010000,23.016663,5.645038,19.978800,2.145452,-2.334546,0.171517,0.591702
0.010000,23.034248,5.656916,20.000021,2.122120,-2.333180,0.136569,0.596385
0.010000,23.051586,5.668744,20.021009,2.098798,-2.332149,0.103096,0.601004
0.010000,23.068677,5.680519,20.041764,2.075484,-2.331437,0.071145,0.605561
0.010000,23.085523,5.692238,20.062286,2.052174,-2.331033,0.040447,0.610056
0.010000,23.102126,5.703899,20.082574,2.028864,-2.330918,0.011463,0.614487
0.010000,23.118488,5.715497,20.102630,2.005554,-2.331080,-0.016182,0.618856
0.010000,23.134609,5.727031,20.122452,1.982239,-2.331508,-0.042750,0.623162
0.010000,23.150492,5.738497,20.142042,1.958917,-2.332183,-0.067574,0.627405
0.010000,23.166138,5.749893,20.161397,1.935586,-2.333096,-0.091217,0.631585
0.010000,23.181548,5.761215,20.180520,1.912243,-2.334232,-0.113598,0.635703
0.010000,23.196724,5.772461,20.199409,1.888888,-2.335577,-0.134583,0.639759
0.010000,23.211668,5.783628,20.218064,1.865516,-2.337123,-0.154546,0.643752
0.010000,23.226381,5.794713,20.236485,1.842128,-2.338854,-0.173081,0.647684
0.010000,23.240863,5.805715,20.254672,1.818720,-2.340757,-0.190324,0.651553
0.010000,23.255118,5.816629,20.272625,1.795292,-2.342825,-0.206832,0.655361
0.010000,23.269145,5.827454,20.290344,1.771842,-2.345044,-0.221856,0.659107
0.010000,23.282947,5.838186,20.307827,1.748368,-2.347403,-0.235969,0.662792
0.010000,23.296524,5.848824,20.325076,1.724869,-2.349893,-0.248993,0.666416
0.010000,23.309879,5.859365,20.342089,1.701344,-2.352503,-0.260959,0.669979
0.010000,23.323012,5.869807,20.358867,1.677791,-2.355224,-0.272075,0.673481
0.010000,23.335924,5.880147,20.375409,1.654211,-2.358043,-0.281978,0.676923
0.010000,23.348617,5.890382,20.391716,1.630601,-2.360958,-0.291447,0.680306
0.010000,23.361093,5.900511,20.407785,1.606962,-2.363953,-0.299529,0.683628
0.010000,23.373352,5.910531,20.423618,1.583292,-2.367022,-0.306887,0.686891
0.010000,23.385395,5.920441,20.439214,1.559590,-2.370159,-0.313706,0.690095
0.010000,23.397224,5.930237,20.454573,1.535857,-2.373354,-0.319465,0.693240
0.010000,23.408839,5.939917,20.469693,1.512091,-2.376600,-0.324608,0.696327
0.010000,23.420243,5.949481,20.484576,1.488292,-2.379890,-0.328982,0.699355
0.010000,23.431436,5.958924,20.499221,1.464459,-2.383215,-0.332533,0.702325
0.010000,23.442419,5.968247,20.513627,1.440594,-2.386573,-0.335771,0.705238
0.010000,23.453193,5.977445,20.527794,1.416694,-2.389954,-0.338096,0.708094
0.010000,23.463760,5.986518,20.541721,1.392761,-2.393351,-0.339681,0.710892
0.010000,23.474120,5.995464,20.555409,1.368793,-2.396763,-0.341271,0.713634
0.010000,23.484275,6.004281,20.568857,1.344791,-2.400179,-0.341561,0.716320
0.010000,23.494225,6.012966,20.582065,1.320755,-2.403598,-0.341890,0.718950
0.010000,23.503972,6.021518,20.595032,1.296685,-2.407014,-0.341620,0.721524
0.010000,23.513516,6.029936,20.607757,1.272581,-2.410419,-0.340486,0.724043
0.010000,23.522858,6.038218,20.620242,1.248443,-2.413813,-0.339410,0.726506
0.010000,23.531999,6.046361,20.632485,1.224271,-2.417189,-0.337644,0.728915
0.010000,23.540941,6.054365,20.644485,1.200066,-2.420544,-0.335418,0.731270
0.010000,23.549684,6.062227,20.656244,1.175827,-2.423874,-0.333096,0.733570
0.010000,23.558229,6.069947,20.667759,1.151555,-2.427173,-0.329861,0.735817
0.010000,23.566577,6.077522,20.679032,1.127251,-2.430444,-0.327095,0.738010
0.010000,23.574729,6.084951,20.690061,1.102914,-2.433674,-0.323035,0.740150
0.010000,23.582685,6.092233,20.700846,1.078545,-2.436868,-0.319372,0.742237
0.010000,23.590446,6.099367,20.711388,1.054145,-2.440020,-0.315145,0.744272
0.010000,23.598013,6.106350,20.721685,1.029714,-2.443128,-0.310817,0.746254
0.010000,23.605388,6.113181,20.731737,1.005252,-2.446186,-0.305854,0.748185
0.010000,23.612570,6.119860,20.741545,0.980760,-2.449195,-0.300835,0.750063
0.010000,23.619560,6.126385,20.751107,0.956238,-2.452155,-0.296065,0.751891
0.010000,23.626359,6.132755,20.760424,0.931688,-2.455054,-0.289906,0.753667
0.010000,23.632969,6.138968,20.769495,0.907109,-2.457905,-0.285042,0.755392
0.010000,23.639388,6.145024,20.778320,0.882502,-2.460689,-0.278458,0.757067
0.010000,23.645619,6.150921,20.786899,0.857868,-2.463418,-0.272853,0.758691
0.010000,23.651661,6.156658,20.795231,0.833207,-2.466084,-0.266659,0.760265
0.010000,23.657516,6.162234,20.803316,0.808520,-2.468684,-0.259955,0.761789
0.010000,23.663184,6.167648,20.811154,0.783808,-2.471221,-0.253652,0.763264
0.010000,23.668665,6.172899,20.818745,0.759071,-2.473692,-0.247163,0.764689
0.010000,23.673960,6.177986,20.826088,0.734310,-2.476091,-0.239878,0.766065
0.010000,23.679070,6.182909,20.833183,0.709526,-2.478423,-0.233191,0.767393
0.010000,23.683995,6.187666,20.840031,0.684719,-2.480687,-0.226417,0.768671
0.010000,23.688736,6.192256,20.846629,0.659890,-2.482873,-0.218634,0.769901
0.010000,23.693292,6.196679,20.852980,0.635040,-2.484992,-0.211892,0.771083
0.010000,23.697666,6.200934,20.859082,0.610170,-2.487035,-0.204237,0.772216
0.010000,23.701856,6.205020,20.864934,0.585280,-2.489004,-0.196932,0.773301
0.010000,23.705864,6.208936,20.870538,0.560371,-2.490896,-0.189176,0.774339
0.010000,23.709690,6.212682,20.875892,0.535444,-2.492716,-0.181999,0.775329
0.010000,23.713335,6.216257,20.880997,0.510499,-2.494453,-0.173755,0.776272
0.010000,23.716798,6.219660,20.885853,0.485538,-2.496116,-0.166302,0.777167
0.010000,23.720080,6.222892,20.890458,0.460561,-2.497701,-0.158467,0.778016
0.010000,23.723181,6.225950,20.894814,0.435569,-2.499207,-0.150570,0.778817
0.010000,23.726102,6.228835,20.898920,0.410563,-2.500633,-0.142616,0.779571
0.010000,23.728843,6.231546,20.902775,0.385543,-2.501979,-0.134610,0.780279
0.010000,23.731404,6.234083,20.906380,0.360510,-2.503244,-0.126554,0.780940
0.010000,23.733786,6.236445,20.909735,0.335466,-2.504432,-0.118784,0.781555
0.010000,23.735989,6.238633,20.912839,0.310411,-2.505534,-0.110162,0.782123
0.010000,23.738013,6.240644,20.915693,0.285345,-2.506560,-0.102580,0.782645
0.010000,23.739858,6.242480,20.918295,0.260270,-2.507499,-0.093923,0.783120
0.010000,23.741524,6.244139,20.920647,0.235187,-2.508359,-0.086023,0.783550
0.010000,23.743012,6.245623,20.922748,0.210095,-2.509137,-0.077764,0.783933
0.010000,23.744322,6.246929,20.924598,0.184997,-2.509832,-0.069479,0.784271
0.010000,23.745454,6.248059,20.926197,0.159892,-2.510443,-0.061172,0.784562
0.010000,23.746408,6.249011,20.927545,0.134783,-2.510972,-0.052864,0.784808
0.010000,23.747184,6.249786,20.928641,0.109669,-2.511422,-0.044962,0.785008
0.010000,23.747782,6.250384,20.929487,0.084551,-2.511781,-0.035979,0.785162
0.010000,23.748204,6.250806,20.930085,0.059768,-2.478280,3.350110,0.785271
0.010000,23.748472,6.251074,20.930463,0.037833,-2.193454,28.482627,0.785340
0.010000,23.748620,6.251222,20.930672,0.020923,-1.691076,50.237847,0.785378
0.010000,23.748684,6.251286,20.930763,0.009036,-1.188636,50.243945,0.785394
0.010000,23.748699,6.251301,20.930784,0.002175,-0.686162,50.247441,0.785398
0.010000,23.748699,6.251301,20.930784,0.000000,-0.217461,46.870044,0.785398
